,,,,,,,,,,,현재,,,누적,,,,,,,,,,,
,브랜드,품명 (사이즈),No.,"레일
규격","7일
가격",신청자,"대여
시작",반납,예약자,"문앞
수거",1주,"리뷰
1주","현재
연장",1주,"리뷰
1주","1주
연장",매출,참조,안내,내역,To Do,,브랜드,품명 (사이즈),누적대여수
,에스웍스,에스웍 파워 미러 3D / 155,1,7x9,30000,,,,,FALSE,,,,,,,0,30000,FALSE,2466.03.04 스텔스스텐142(5) 1주 (직수),,,에스웍스,에스웍 파워 미러 3D (155),0
,,에스웍 파워 / 143,1,7x9,18000,,,,,FALSE,,,,,,,0,18000,FALSE,9572.03.05 로민미믹155(4) 1주 (직수),,,,에스웍 파워 (143),0
,,,2,,,,,,,FALSE,,,,,,,0,18000,FALSE,4381.03.09 엘리트155(1) 1주 (왕복),,,,,
,,에스웍 파워/ 155,1,7x9,18000,1940,2/25,3/25,,FALSE,4,,,,,,0,18000,FALSE,2466.03.10 벤토아르고R3140(1) (직수),,,,에스웍 파워(155),0
,,에스웍 파워 미믹 / 155,1,7x9,18000,,,,,FALSE,,,,,,,0,18000,FALSE,,,,,에스웍 파워 미믹 (155),0
,,"에스웍 로민 에보 
미러 3D / 143",1,7x9,30000,,,,,FALSE,,,,,,,0,30000,FALSE,,,,,"에스웍 로민 에보 
미러 3D (143)",0
,,에스웍 로민 에보 / 143,1,7x9,18000,,,,,FALSE,,,,,,,0,18000,FALSE,,,,,에스웍 로민 에보 (143),0
,,에스웍 로민 에보 / 155,1,7x9,18000,,,,,FALSE,,,,,,,0,18000,FALSE,,,,,에스웍 로민 에보 (155),0
,"스페셜
라이즈드
",파워 프로 미러 3D / 143,1,7x7,21000,,,,,FALSE,,,,,,,0,21000,FALSE,,,,"스페셜
라이즈드
",파워 프로 미러 3D (143),0
,,,2,,,,,,,FALSE,,,,,,,0,21000,FALSE,,,,,,
,,파워 콤프 / 143,1,7x7,7000,,,,,FALSE,,,,,,,0,7000,FALSE,,,,,파워 콤프 (143),0
,,,2,,,,,,,FALSE,,,,,,,0,7000,FALSE,,,,,,
,,,3,,,,,,,FALSE,,,,,,,0,7000,FALSE,,,,,,
,,,4,,,,,,,FALSE,,,,,,,0,7000,FALSE,,,,,,
,,,5,,,,,,,FALSE,,,,,,,0,7000,FALSE,,,,,,
,,,6,,,5371,,,,FALSE,,,,,,,0,7000,FALSE,,,,,,
,,,7,,,,,,,FALSE,,,,,,,0,7000,FALSE,,,,,,
,,,8,,,,,,,FALSE,,,,,,,0,7000,FALSE,,,,,,
,,,9,,,,,,,FALSE,,,,,,,0,7000,FALSE,,,,,,
,,,10,,,,,,,FALSE,,,,,,,,7000,FALSE,,,,,,
,,파워 콤프 / 155,1,,,,,,,FALSE,,,,,,,0,7000,FALSE,,,,,파워 콤프 (155),0
,,,2,,,,,,,FALSE,,,,,,,0,7000,FALSE,,,,,,
,,,3,,,,,,,FALSE,,,,,,,0,7000,FALSE,,,,,,
,,,4,,,,,,,FALSE,,,,,,,0,7000,FALSE,,,,,,
,,,5,,,,,,,FALSE,,,,,,,,7000,FALSE,,,,,,
,,,6,,,,,,,FALSE,,,,,,,,7000,FALSE,,,,,,
,,,7,,,,,,,FALSE,,,,,,,,7000,FALSE,,,,,,
,,,8,,,,,,,FALSE,,,,,,,,7000,FALSE,,,,,,
,,,9,,,,,,,FALSE,,,,,,,,7000,FALSE,,,,,,
,,,10,,,,,,,FALSE,,,,,,,0,7000,FALSE,,,,,,
,,파워 콤프 / 168,1,,,,,,,FALSE,,,,,,,0,7000,FALSE,,,,,파워 콤프 (168),0
,,파워 아크 익스퍼트 / 143,1,7x7,9000,,,,,FALSE,,,,,,,0,9000,FALSE,,,,,파워 아크 익스퍼트 (143),0
,,,2,,,,,,,FALSE,,,,,,,0,9000,FALSE,,,,,,
,,,3,,,,,,,FALSE,,,,,,,0,9000,FALSE,,,,,,
,,,4,,,,,,,FALSE,,,,,,,0,9000,FALSE,,,,,,
,,,5,,,,,,,FALSE,,,,,,,0,9000,FALSE,,,,,,
,,파워 아크 익스퍼트 / 155,1,,,,,,,FALSE,,,,,,,0,9000,FALSE,,,,,파워 아크 익스퍼트 (155),0
,,,2,,,,,,,FALSE,,,,,,,0,9000,FALSE,,,,,,
,,,3,,,,,,,FALSE,,,,,,,0,9000,FALSE,,,,,,
,,,4,,,,,,,FALSE,,,,,,,0,9000,FALSE,,,,,,
,,파워 아크 프로 엘라스틴 / 143,1,7x7,12500,,,,,FALSE,,,,,,,0,12500,FALSE,,,,,파워 아크 프로 엘라스틴 (143),0
,,파워 콤프 미믹 / 143,1,7x7,7000,,,,,FALSE,,,,,,,0,7000,FALSE,,,,,파워 콤프 미믹 (143),1
,,,2,,,,,,,FALSE,,,,1,,,9000,7000,FALSE,,,,,,
,,,3,,,,,,,FALSE,,,,,,,0,7000,FALSE,,,,,,
,,,4,,,,,,,FALSE,,,,,,,0,7000,FALSE,,,,,,
,,,5,,,,,,,FALSE,,,,,,,0,7000,FALSE,,,,,,
,,,6,,,,,,,FALSE,,,,,,,0,7000,FALSE,,,,,,
,,파워 콤프 미믹 / 155,1,,,,,,,FALSE,,,,,,,0,7000,FALSE,,,,,파워 콤프 미믹 (155),2
,,,2,,,,,,,FALSE,,,,,,,0,7000,FALSE,,,,,,
,,,3,,,9572,3/5,3/12,,FALSE,,1,,,1,,7000,7000,FALSE,,,,,,
,,,4,,,,,,,FALSE,,,,1,,,9000,7000,FALSE,,,,,,
,,,5,,,2192,2/25,3/18,,FALSE,,3,,,,,0,7000,FALSE,,,,,,
,,파워 콤프 미믹 / 168,1,,,,,,,FALSE,,,,,,,0,7000,FALSE,,,,,파워 콤프 미믹 (168),0
,,,2,,,,,,,FALSE,,,,,,,0,7000,FALSE,,,,,,
,,로민 에보 콤프 젤/ 143,1,7x7,7000,,,,,FALSE,,,,,,,0,7000,FALSE,,,,,로민 에보 콤프 젤(143),0
,,,2,,,,,,,FALSE,,,,,,,0,7000,FALSE,,,,,,
,,,3,,,,,,,FALSE,,,,,,,0,7000,FALSE,,,,,,
,,,4,,,,,,,FALSE,,,,,,,0,7000,FALSE,,,,,,
,,,5,,,,,,,FALSE,,,,,,,0,7000,FALSE,,,,,,
,,로민 에보 콤프 젤/ 155,1,,,,,,,FALSE,,,,,,,0,7000,FALSE,,,,,로민 에보 콤프 젤(155),0
,,,2,,,,,,,FALSE,,,,,,,0,7000,FALSE,,,,,,
,,,3,,,,,,,FALSE,,,,,,,0,7000,FALSE,,,,,,
,,로민 에보 콤프 젤/ 168,1,,,,,,,FALSE,,,,,,,0,7000,FALSE,,,,,로민 에보 콤프 젤(168),0
,,로민 에보 콤프 미믹 / 143,1,7x7,7000,,,,,FALSE,,,,,,,0,7000,FALSE,,,,,로민 에보 콤프 미믹 (143),0
,,,2,,,,,,,FALSE,,,,,,,0,7000,FALSE,,,,,,
,,,3,,,,,,,FALSE,,,,,,,0,7000,FALSE,,,,,,
,,,4,,,,,,,FALSE,,,,,,,0,7000,FALSE,,,,,,
,,,5,,,,,,,FALSE,,,,,,,0,7000,FALSE,,,,,,
,,로민 에보 콤프 미믹 / 155,1,,,,,,,FALSE,,,,,,,0,7000,FALSE,,,,,로민 에보 콤프 미믹 (155),0
,,,2,,,,,,,FALSE,,,,,,,0,7000,FALSE,,,,,,
,,,3,,,,,,,FALSE,,,,,,,0,7000,FALSE,,,,,,
,,,4,,,,,,,FALSE,,,,,,,0,7000,FALSE,,,,,,
,,로민 에보 콤프 미믹 / 168,1,,,,,,,FALSE,,,,,,,0,7000,FALSE,,,,,로민 에보 콤프 미믹 (168),0
,,,2,,,,,,,FALSE,,,,,,,0,7000,FALSE,,,,,,
,,로민 에보 프로 / 143,1,7x9,11000,,,,,FALSE,,,,,,,0,11000,FALSE,,,,,로민 에보 프로 (143),0
,,로민 에보 프로 / 155,1,,,,,,,FALSE,,,,,,,0,11000,FALSE,,,,,로민 에보 프로 (155),0
,,로민 에보 프로 미러 3D / 143,1,7x7,21000,,,,,FALSE,,,,,,,0,21000,FALSE,,,,,로민 에보 프로 미러 3D (143),0
,,로민 에보 프로 미러 3D / 155,1,7x7,,,,,,FALSE,,,,,,,0,21000,FALSE,,,,,로민 에보 프로 미러 3D (155),0
,,,2,,,,,,,FALSE,,,,,,,,21000,FALSE,,,,,,
,,페놈 콤프 / 143,1,7x7,7000,,,,,FALSE,,,,,,,0,7000,FALSE,,,,,페놈 콤프 (143),0
,,,2,,,,,,,FALSE,,,,,,,0,7000,FALSE,,,,,,
,,투페 익스퍼트 젤 / 143,1,7x7,7000,,,,,FALSE,,,,,,,0,7000,FALSE,,,,,투페 익스퍼트 젤 (143),0
,,,2,,,,,,,FALSE,,,,,,,0,7000,FALSE,,,,,,
,,오우라 / 155,1,7x7,6000,,,,,FALSE,,,,,,,0,6000,FALSE,,,,,오우라 (155),0
,시마노,프로 스텔스 스텐레일 / 142,1,7x7,4500,,,,,FALSE,,,,,,,0,4500,FALSE,,,,시마노,프로 스텔스 스텐레일 (142),1
,,,2,,,,,,,FALSE,,,,,,,0,4500,FALSE,,,,,,
,,,3,,,,,,,FALSE,,,,,,,0,4500,FALSE,,,,,,
,,,4,,,,,,,FALSE,,,,,,,0,4500,FALSE,,,,,,
,,,5,,,,,,,FALSE,,,,,1,,4500,4500,FALSE,,,,,,
,,,6,,,,,,,FALSE,,,,,,,0,4500,FALSE,,,,,,
,,프로 스텔스 스텐레일 / 152,1,,,,,,,FALSE,,,,,,,0,4500,FALSE,,,,,프로 스텔스 스텐레일 (152),0
,,"프로 스텔스 스텐레일
퍼포먼스 / 142",1,7x7,6500,,,,,FALSE,,,,,,,0,6500,FALSE,,,,,"프로 스텔스 스텐레일
퍼포먼스 (142)",0
,,,2,,,,,,,FALSE,,,,,,,0,6500,FALSE,,,,,,
,,,3,,,,,,,FALSE,,,,,,,0,6500,FALSE,,,,,,
,,,4,,,,,,,FALSE,,,,,,,0,6500,FALSE,,,,,,
,,,5,,,,,,,FALSE,,,,,,,0,6500,FALSE,,,,,,
,,"프로 스텔스 스텐레일
퍼포먼스 / 152",1,,,,,,,FALSE,,,,,,,0,6500,FALSE,,,,,"프로 스텔스 스텐레일
퍼포먼스 (152)",0
,,프로 그리폰 퍼포먼스 / 152,1,7x7,7500,,,,,FALSE,,,,,,,0,7500,FALSE,,,,,프로 그리폰 퍼포먼스 (152),0
,,프로 스텔스 카본레일 / 142,1,7x9,9000,,,,,FALSE,,,,,,,0,9000,FALSE,,,,,프로 스텔스 카본레일 (142),0
,,프로 스텔스 카본레일 / 152,1,,,,,,,FALSE,,,,,,,0,9000,FALSE,,,,,프로 스텔스 카본레일 (152),0
,,프로 스텔스 팀/ 카본 / 152,1,7x9,13200,,,,,FALSE,,,,,,,0,13200,FALSE,,,,,프로 스텔스 팀(카본) (152),0
,,"프로 스텔스
슈퍼라이트 / 142",1,7x9,21500,,,,,FALSE,,,,,,,0,21500,FALSE,,,,,"프로 스텔스
슈퍼라이트 (142)",0
,,"프로 스텔스
슈퍼라이트 / 152",1,7x9,,,,,,FALSE,,,,,,,0,21500,FALSE,,,,,"프로 스텔스
슈퍼라이트 (152)",0
,,스텔스 프로 오프로드 / 142,1,7x7,7000,,,,,FALSE,,,,,,,0,7000,FALSE,,,,,스텔스 프로 오프로드 (142),0
,"셀레
이탈리아","노부스 부스트 EVO 
수퍼플로우 L / 145",1,7x7,4000,,,,,FALSE,,,,,,,0,4000,FALSE,,,,"셀레
이탈리아","노부스 부스트 EVO 
수퍼플로우 L (145)",0
,,,2,,,,,,,FALSE,,,,,,,0,4000,FALSE,,,,,,
,,,3,,,,,,,FALSE,,,,,,,0,4000,FALSE,,,,,,
,,"노부스 부스트 EVO TM 
수퍼플로우 L / 145",1,7x7,6000,,,,,FALSE,,,,,,,0,6000,FALSE,,,,,"노부스 부스트 EVO TM 
수퍼플로우 L (145)",0
,,,2,,,,,,,FALSE,,,,,,,0,6000,FALSE,,,,,,
,,,3,,,,,,,FALSE,,,,,,,0,6000,FALSE,,,,,,
,,,4,,,,,,,FALSE,,,,,,,0,6000,FALSE,,,,,,
,,,5,,,,,,,FALSE,,,,,,,0,6000,FALSE,,,,,,
,,"SLR 부스트 3D 
Ti316 S / 130",1,7x7,28000,,,,,FALSE,,,,,,,0,28000,FALSE,,,,,"SLR 부스트 3D 
Ti316 S (130)",0
,,SLR 수퍼플로우 Ti316 S / 130,1,7x7,13000,,,,,FALSE,,,,,,,0,13000,FALSE,,,,,SLR 수퍼플로우 Ti316 S (130),0
,,SLR 수퍼플로우 Ti316 L / 145,1,,,,,,,FALSE,,,,,,,0,13000,FALSE,,,,,SLR 수퍼플로우 Ti316 L (145),0
,,,2,,,,,,,FALSE,,,,,,,0,13000,FALSE,,,,,,
,,"SLR 부스트 TM
수퍼플로우 S / 130",1,7x7,9000,,,,,FALSE,,,,,,,0,9000,FALSE,,,,,"SLR 부스트 TM
수퍼플로우 S (130)",0
,,,2,,,,,,,FALSE,,,,,,,0,9000,FALSE,,,,,,
,,,3,,,,,,,FALSE,,,,,,,0,9000,FALSE,,,,,,
,,"SLR 부스트 Ti316
수퍼플로우 L / 145",1,,17500,,,,,FALSE,,,,,,,0,17500,FALSE,,,,,"SLR 부스트 Ti316
수퍼플로우 L (145)",0
,,,2,,,,,,,FALSE,,,,,,,,17500,FALSE,,,,,,
,,"SLR 부스트 TM
수퍼플로우 L / 145",1,,9000,,,,,FALSE,,,,,,,0,9000,FALSE,,,,,"SLR 부스트 TM
수퍼플로우 L (145)",
,,,2,,,,,,,FALSE,,,,,,,0,9000,FALSE,,,,,,
,,,3,,,,,,,FALSE,,,,,,,0,9000,FALSE,,,,,,
,,,4,,,,,,,FALSE,,,,,,,0,9000,FALSE,,,,,,
,,SLR 레이디플로우 Ti316 L / 145,1,7x7,9000,,,,,FALSE,,,,,,,0,9000,FALSE,,,,,SLR 레이디플로우 Ti316 L (145),0
,,"SP-01 부스트 Ti316
수퍼플로우 S / 130",1,7x7,17500,,,,,FALSE,,,,,,,0,17500,FALSE,,,,,"SP-01 부스트 Ti316
수퍼플로우 S (130)",0
,,"SP-01 부스트 TM
수퍼플로우 S / 130",1,,9000,,,,,FALSE,,,,,,,0,9000,FALSE,,,,,"SP-01 부스트 TM
수퍼플로우 S (130)",
,,"SP-01 부스트 TM
수퍼플로우 L / 145",1,,9000,,,,,FALSE,,,,,,,0,9000,FALSE,,,,,"SP-01 부스트 TM
수퍼플로우 L (145)",0
,,"FLITE 부스트 킷카르보니오 
수퍼플로우 L / 145",1,7x9,25000,,,,,FALSE,,,,,,,0,25000,FALSE,,,,,"FLITE 부스트 킷카르보니오 
수퍼플로우 L (145)",0
,,"FLITE 부스트 
수퍼플로우 TM S / 135",1,7x7,11000,,,,,FALSE,,,,,,,0,11000,FALSE,,,,,"FLITE 부스트 
수퍼플로우 TM S (135)",0
,,,2,,,,,,,FALSE,,,,,,,0,11000,FALSE,,,,,,
,,"FLITE 부스트 
수퍼플로우 TM L / 145",1,7x7,11000,,,,,FALSE,,,,,,,0,11000,FALSE,,,,,"FLITE 부스트 
수퍼플로우 TM L (145)",0
,,,2,,11000,,,,,FALSE,,,,,,,0,11000,FALSE,,,,,,
,,레이디 젤 플로우 L / 145,1,7x7,6000,,,,,FALSE,,,,,,,0,6000,FALSE,,,,,레이디 젤 플로우 L (145),0
,,X-BOW 수퍼플로우 L / 145,1,7x7,4000,,,,,FALSE,,,,,,,0,4000,FALSE,,,,,X-BOW 수퍼플로우 L (145),0
,,,2,,,,,,,FALSE,,,,,,,0,4000,FALSE,,,,,,
,,X3 부스트 플로우 L / 145,1,7x7,4000,,,,,FALSE,,,,,,,0,4000,FALSE,,,,,X3 부스트 플로우 L (145),0
,,,2,,,,,,,FALSE,,,,,,,0,4000,FALSE,,,,,,
,"셀레
SMP
",TRK / M,1,7x7,4000,,,,,FALSE,,,,,,,0,4000,FALSE,,,,"셀레
SMP
",TRK (M),0
,,,2,,,,,,,FALSE,,,,,,,0,4000,FALSE,,,,,,
,,TRK GEL / M,1,7x7,5500,,,,,FALSE,,,,,,,0,5500,FALSE,,,,,TRK GEL (M),0
,,,2,,,,,,,FALSE,,,,,,,0,5500,FALSE,,,,,,
,,하이브리드 / 140,1,7x7,5000,,,,,FALSE,,,,,,,0,5000,FALSE,,,,,하이브리드 (140),0
,,엑스트라,1,7x7,4500,,,,,FALSE,,,,,,,0,4500,FALSE,,,,,엑스트라,0
,,,2,,,,,,,FALSE,,,,,,,0,4500,FALSE,,,,,,
,"셀레
산마르코",올로드 다이나믹 / 146,1,7x7,6900,,,,,FALSE,,,,,,,0,6900,FALSE,,,,"셀레
산마르코",올로드 다이나믹 (146),0
,,,2,,,,,,,FALSE,,,,,,,,6900,FALSE,,,,,,
,,,3,,,,,,,FALSE,,,,,,,,6900,FALSE,,,,,,
,,GROUND 다이나믹 / 145,1,7x7,6950,,,,,FALSE,,,,,,,0,6950,FALSE,,,,,GROUND 다이나믹 (145),0
,,,2,7x7,,,,,,FALSE,,,,,,,,6950,FALSE,,,,,,
,,아스피데 레이싱 / 132,1,7x7,11450,박기호,,,,FALSE,,,,,,,0,11450,FALSE,,,,,아스피데 레이싱 (132),0
,,아스피데 숏 레이싱 / 139,1,7x7,11450,,,,,FALSE,,,,,,,0,11450,FALSE,,,,,아스피데 숏 레이싱 (139),0
,,만트라 레이싱 / 146,1,7x7,11500,,,,,FALSE,,,,,,,0,11500,FALSE,,,,,만트라 레이싱 (146),0
,,쇼트핏 2.0 다이나믹 / 155,1,7x7,6950,,,,,FALSE,,,,,,,0,6950,FALSE,,,,,쇼트핏 2.0 다이나믹 (155),0
,,,2,,,,,,,FALSE,,,,,,,,6950,FALSE,,,,,,
,,,3,,,,,,,FALSE,,,,,,,,6950,FALSE,,,,,,
,,,4,,,,,,,FALSE,,,,,,,,6950,FALSE,,,,,,
,,,5,,,,,,,FALSE,,,,,,,,6950,FALSE,,,,,,
,,쇼트핏 2.0 레이싱 / 140,1,7x7,11450,,,,,FALSE,,,,,,,0,11450,FALSE,,,,,쇼트핏 2.0 레이싱 (140),0
,,,2,,,,,,,FALSE,,,,,,,,11450,FALSE,,,,,,
,,,3,,,,,,,FALSE,,,,,,,,11450,FALSE,,,,,,
,,쇼트핏 2.0 레이싱 / 155,1,7x7,11450,,,,,FALSE,,,,,,,,11450,FALSE,,,,,쇼트핏 2.0 레이싱 (155),0
,,,2,7x7,,,,,,FALSE,,,,,,,,11450,FALSE,,,,,,
,,쇼트핏 2.0 3D 레이싱 / 140,1,7x7,26500,,,,,FALSE,,,,,,,0,26500,FALSE,,,,,쇼트핏 2.0 3D 레이싱 (140),0
,,쇼트핏 2.0 3D 레이싱 / 155,1,7x7,,,,,,FALSE,,,,,,,0,26500,FALSE,,,,,쇼트핏 2.0 3D 레이싱 (155),0
,,,2,7x7,,,,,,FALSE,,,,,,,,26500,FALSE,,,,,,
,,쇼트핏 2.0 3D 카본FX / 155,1,7x9,30000,,,,,FALSE,,,,,,,0,30000,FALSE,,,,,쇼트핏 2.0 3D 카본FX (155),0
,,,2,7x9,,,,,,FALSE,,,,,,,,30000,FALSE,,,,,,
,본트레거,에올루스 콤프 / 145,1,7x7,5500,,,,,FALSE,,,,,,,0,5500,FALSE,,,,본트레거,에올루스 콤프 (145),0
,,에올루스 엘리트 / 145,1,7x7,8500,,,,,FALSE,,,,,,,0,8500,FALSE,,,,,에올루스 엘리트 (145),0
,,,2,,,,,,,FALSE,,,,,,,0,8500,FALSE,,,,,,
,,,3,,,,,,,FALSE,,,,,,,0,8500,FALSE,,,,,,
,,에올루스 엘리트 / 155,1,,,4381,,,,TRUE,,,,,,,0,8500,FALSE,,,,,에올루스 엘리트 (155),0
,,에올루스 프로 / 155,1,7x10,14500,,,,,FALSE,,,,,,,,14500,FALSE,,,,,에올루스 프로 (155),0
,,벌스 콤프 / 145,1,7x7,8500,,,,,FALSE,,,,,,,0,8500,FALSE,,,,,벌스 콤프 (145),0
,,,2,,,,,,,FALSE,,,,,,,0,8500,FALSE,,,,,,
,,벌스 콤프 / 155,1,,,,,,,FALSE,,,,,,,0,8500,FALSE,,,,,벌스 콤프 (155),0
,,,2,,,,,,,FALSE,,,,,,,0,8500,FALSE,,,,,,
,,,3,,,,,,,FALSE,,,,,,,0,8500,FALSE,,,,,,
,,,4,,,,,,,FALSE,,,,,,,0,8500,FALSE,,,,,,
,,,5,,,,,,,FALSE,,,,,,,0,8500,FALSE,,,,,,
,,벌스 콤프 / 165,1,,,,,,,FALSE,,,,,,,0,8500,FALSE,,,,,벌스 콤프 (165),0
,,벌스 엘리트 / 145,1,7x7,8500,,,,,FALSE,,,,,,,0,8500,FALSE,,,,,벌스 엘리트 (145),0
,,,2,,,,,,,FALSE,,,,,,,0,8500,FALSE,,,,,,
,,벌스 엘리트 / 155,1,7x7,8500,,,,,FALSE,,,,,,,0,8500,FALSE,,,,,벌스 엘리트 (155),0
,,벌스 프로 / 145,1,7x10,14500,,,,,FALSE,,,,,,,0,14500,FALSE,,,,,벌스 프로 (145),0
,,몬트로스 엘리트 / 138,1,7x7,7000,,,,,FALSE,,,,,,,0,7000,FALSE,,,,,몬트로스 엘리트 (138),0
,,애즈나 엘리트 / 144,1,7x7,5500,,,,,FALSE,,,,,,,0,5500,FALSE,,,,,애즈나 엘리트 (144),0
,,,2,,,,,,,FALSE,,,,,,,0,5500,FALSE,,,,,,
,자이언트,어프로치 / 145,1,7x7,3000,,,,,FALSE,,,,,,,0,3000,FALSE,,,,자이언트,어프로치 (145),0
,,,2,,,,,,,FALSE,,,,,,,0,3000,FALSE,,,,,,
,,어프로치 / 155,1,,,,,,,FALSE,,,,,,,0,3000,FALSE,,,,,어프로치 (155),0
,,,2,,,,,,,FALSE,,,,,,,0,3000,FALSE,,,,,,
,,플리트 SL / 145,1,7x7,4500,,,,,FALSE,,,,,,,0,4500,FALSE,,,,,플리트 SL (145),0
,,,2,,,,,,,FALSE,,,,,,,0,4500,FALSE,,,,,,
,,,3,,,,,,,FALSE,,,,,,,0,4500,FALSE,,,,,,
,,,4,,,,,,,FALSE,,,,,,,0,4500,FALSE,,,,,,
,,플리트 SLR / 145,1,7x9,9500,,,,,FALSE,,,,,,,0,9500,FALSE,,,,,플리트 SLR (145),0
,프롤로고,디멘션 티록스 / 143,1,7x7,7000,,,,,FALSE,,,,,,,0,7000,FALSE,,,,프롤로고,디멘션 티록스 (143),0
,,,2,,,,,,,FALSE,,,,,,,0,7000,FALSE,,,,,,
,,디멘션 AGX 티록스 / 143,1,7x7,8000,,,,,FALSE,,,,,,,0,8000,FALSE,,,,,디멘션 AGX 티록스 (143),0
,,디멘션 NDR 티록스 / 143,1,7x7,7500,,,,,FALSE,,,,,,,0,7500,FALSE,,,,,디멘션 NDR 티록스 (143),0
,,,2,,,,,,,FALSE,,,,,,,0,7500,FALSE,,,,,,
,,디멘션 CPC 티록스 / 143,1,7x7,12000,,,,,FALSE,,,,,,,0,12000,FALSE,,,,,디멘션 CPC 티록스 (143),0
,,디멘션 스페이스 / 153,1,7x7,7000,,,,,FALSE,,,,,,,0,7000,FALSE,,,,,디멘션 스페이스 (153),0
,,스크래치 PAS M5 / 140,1,7x7,9000,,,,,FALSE,,,,,,,0,9000,FALSE,,,,,스크래치 PAS M5 (140),0
,,,2,,,2192,2/25,3/18,,TRUE,,3,,,,,0,9000,FALSE,,,,,,
,,zero c3 PAS nack / 140,1,7x9,15000,,,,,FALSE,,,,,,,0,15000,FALSE,,,,,zero c3 PAS nack (140),0
,피직,"벤토 아르고 R1 
어댑티브 3D / 140",1,7x10,27500,,,,,FALSE,,,,,,,0,27500,FALSE,,,,피직,"벤토 아르고 R1 
어댑티브 3D (140)",0
,,"벤토 아르고 R1 
어댑티브 3D / 150",1,,,,,,,FALSE,,,,,,,0,27500,FALSE,,,,,"벤토 아르고 R1 
어댑티브 3D (150)",0
,,"벤토 아르고 R3
어댑티브 3D / 140",1,7x7,23500,,,,,FALSE,,,,,,,0,23500,FALSE,,,,,"벤토 아르고 R3
어댑티브 3D (140)",0
,,"벤토 아르고 R3 
어댑티브 3D / 150",1,,,,,,,FALSE,,,,,,,0,23500,FALSE,,,,,"벤토 아르고 R3 
어댑티브 3D (150)",0
,,"벤토 안타레스 R1
어댑티브 3D / 140",1,7x9,27500,배일준,,,,FALSE,,1,,,,,0,27500,FALSE,,,,,"벤토 안타레스 R1
어댑티브 3D (140)",0
,,"벤토 안타레스 R1
어댑티브 3D / 150",1,,,,,,,FALSE,,,,,,,0,27500,FALSE,,,,,"벤토 안타레스 R1
어댑티브 3D (150)",0
,,"벤토 안타레스 R3 
어댑티브 3D / 140",1,7x7,23500,,,,,FALSE,,,,,,,0,23500,FALSE,,,,,"벤토 안타레스 R3 
어댑티브 3D (140)",0
,,"벤토 안타레스 R3
어댑티브 3D / 150",1,,,,,,,FALSE,,,,,,,0,23500,FALSE,,,,,"벤토 안타레스 R3
어댑티브 3D (150)",0
,,벤토 안타레스 R1 / 140,1,7x9,16500,,,,,FALSE,,,,,,,,16500,FALSE,,,,,벤토 안타레스 R1 (140),0
,,벤토 안타레스 R3 / 140,1,7x7,12500,,,,,FALSE,,,,,,,,12500,FALSE,,,,,벤토 안타레스 R3 (140),0
,,벤토 안타레스 R3 / 150,1,,,,,,,FALSE,,,,,,,,12500,FALSE,,,,,벤토 안타레스 R3 (150),0
,,벤토 안타레스 R5 / 140,1,7x7,9000,,,,,FALSE,,,,,,,,9000,FALSE,,,,,벤토 안타레스 R5 (140),0
,,벤토 아르고 R1 / 140,1,7x10,16500,,,,,FALSE,,,,,,,,16500,FALSE,,,,,벤토 아르고 R1 (140),0
,,벤토 아르고 R1 / 150,1,,,,,,,FALSE,,,,,,,,16500,FALSE,,,,,벤토 아르고 R1 (150),0
,,벤토 아르고 R3 / 140,1,7x7,12500,2466,3/11,3/18,,FALSE,,1,,,1,,,12500,FALSE,,,,,벤토 아르고 R3 (140),1
,,벤토 아르고 R3 / 150,1,,,,,,,FALSE,,,,,,,,12500,FALSE,,,,,벤토 아르고 R3 (150),0
,,벤토 아르고 R5 / 140,1,7x7,9000,,,,,FALSE,,,,,,,,9000,FALSE,,,,,벤토 아르고 R5 (140),0
,,벤토 아르고 R5 / 150,1,,,,,,,FALSE,,,,,,,,9000,FALSE,,,,,벤토 아르고 R5 (150),0
,,"템포 알리안테 R1
어댑티브 3D / 140",1,7x9,27500,,,,,FALSE,,,,,,,0,27500,FALSE,,,,,"템포 알리안테 R1
어댑티브 3D (140)",0
,,"템포 알리안테 R1
어댑티브 3D / 155",1,,,,,,,FALSE,,,,,,,0,27500,FALSE,,,,,"템포 알리안테 R1
어댑티브 3D (155)",0
,,"템포 알리안테 R3
어댑티브 3D / 140",1,7x7,23500,,,,,FALSE,,,,,,,0,23500,FALSE,,,,,"템포 알리안테 R3
어댑티브 3D (140)",0
,,"템포 알리안테 R3
어댑티브 3D / 155",1,,,,,,,FALSE,,,,,,,0,23500,FALSE,,,,,"템포 알리안테 R3
어댑티브 3D (155)",0
,,템포 아르고 R1 / 150,1,7x10,16500,,,,,FALSE,,,,,,,,16500,FALSE,,,,,템포 아르고 R1 (150),0
,,템포 아르고 R1 / 160,1,,,,,,,FALSE,,,,,,,,16500,FALSE,,,,,템포 아르고 R1 (160),0
,,템포 아르고 R3 / 150,1,7x7,12500,,,,,FALSE,,,,,,,,12500,FALSE,,,,,템포 아르고 R3 (150),0
,,템포 아르고 R5 / 150,1,7x7,9000,,,,,FALSE,,,,,,,,9000,FALSE,,,,,템포 아르고 R5 (150),0
,,"트란시로 에어리스 SD R1
어댑티브 3D / 135",1,7x9,27500,,,,,FALSE,,,,,,,0,27500,FALSE,,,,,"트란시로 에어리스 SD R1
어댑티브 3D (135)",0
,,"트란시로 에어리스 SD R3
어댑티브 3D / 135",1,7x7,23500,,,,,FALSE,,,,,,,0,23500,FALSE,,,,,"트란시로 에어리스 SD R3
어댑티브 3D (135)",0
,,"트란시로 에어리스 LD R3
어댑티브 3D / 135",1,7x7,23500,,,,,FALSE,,,,,,,0,23500,FALSE,,,,,"트란시로 에어리스 LD R3
어댑티브 3D (135)",0
,,"안타레스 버셔스 에보 R1
어댑티브 3D / 139",1,7x10,16500,,,,,FALSE,,,,,,,,16500,FALSE,,,,,"안타레스 버셔스 에보 R1
어댑티브 3D (139)",0
,,"안타레서 버서스 에보 00
어댑티브 3D / 139",1,7x10,16500,,,,,FALSE,,,,,,,,16500,FALSE,,,,,"안타레서 버서스 에보 00
어댑티브 3D (139)",0
,,뮐러 무통증 전립선 안장,1,7x7,5000,,,,,FALSE,,,,,,,0,5000,FALSE,,,,,뮐러 무통증 전립선 안장,0
,,휴안 pps,1,7x7,4000,,,,,FALSE,,,,,,,0,4000,FALSE,,,,,휴안 pps,0
,,휴안 pps3,1,7x7,6000,,,,,FALSE,,,,,,,0,6000,FALSE,,,,,휴안 pps3,0
,,,,,,,,,,,,,,,,,29500,,,,,,,뮐러 무통증 전립선 안장,0
,,,,,,,,,,,,,,,,,,,,,,,,벨로 엔드존 vl-1410,0
,,,,,,,,,,,,,,,,,,,,,,,,휴안 pps,0
,,,,,,,,,,,,,,,,,,,,,,,,휴안 pps3,0
,,,,,,,,,,,,,,,,,,,,,,,,,
,,,,,,,,,,,,,,,,,,,,,,,,,
,,,,,,,,,,,,,,,,,,,,,,,,,
,,,,,,,,,,,,,,,,,,,,,,,,,
,,,,,,,,,,,,,,,,,,,,,,,,,
,,,,,,,,,,,,,,,,,,,,,,,,,
,,,,,,,,,,,,,,,,,,,,,,,,,
,,,,,,,,,,,,,,,,,,,,,,,,,
,,,,,,,,,,,,,,,,,,,,,,,,,
,,,,,,,,,,,,,,,,,,,,,,,,,
,,,,,,,,,,,,,,,,,,,,,,,,,
,,,,,,,,,,,,,,,,,,,,,,,,,
,,,,,,,,,,,,,,,,,,,,,,,,,
,,"벤토 아르고 R1 
어댑티브 3D (140)",,,,,,,,,,,,,,,,,,,,,,,
,,"벤토 아르고 R1 
어댑티브 3D (150)",,,,,,,,,,,,,,,,,,,,,,,
,,"벤토 아르고 R3
어댑티브 3D (140)",,,,,,,,,,,,,,,,,,,,,,,
,,"벤토 아르고 R3 
어댑티브 3D (150)",,,,,,,,,,,,,,,,,,,,,,,
,,"벤토 안타레스 R1
어댑티브 3D (140)",,,,,,,,,,,,,,,,,,,,,,,
,,"벤토 안타레스 R1
어댑티브 3D (150)",,,,,,,,,,,,,,,,,,,,,,,
,,"벤토 안타레스 R3 
어댑티브 3D (140)",,,,,,,,,,,,,,,,,,,,,,,
,,"벤토 안타레스 R3
어댑티브 3D (150)",,,,,,,,,,,,,,,,,,,,,,,
,,벤토 안타레스 R1 (140),,,,,,,,,,,,,,,,,,,,,,,
,,벤토 안타레스 R3 (140),,,,,,,,,,,,,,,,,,,,,,,
,,벤토 안타레스 R3 (150),,,,,,,,,,,,,,,,,,,,,,,
,,벤토 안타레스 R5 (140),,,,,,,,,,,,,,,,,,,,,,,
,,벤트 아르고 R1 (140),,,,,,,,,,,,,,,,,,,,,,,
,,벤트 아르고 R1 (150),,,,,,,,,,,,,,,,,,,,,,,
,,벤트 아르고 R3 (140),,,,,,,,,,,,,,,,,,,,,,,
,,벤토 아르고 R3 (150),,,,,,,,,,,,,,,,,,,,,,,
,,벤트 아르고 R5 (140),,,,,,,,,,,,,,,,,,,,,,,
,,벤토 아르고 R5 (150),,,,,,,,,,,,,,,,,,,,,,,
,,"템포 알리안테 R1
어댑티브 3D (140)",,,,,,,,,,,,,,,,,,,,,,,
,,"템포 알리안테 R1
어댑티브 3D (155)",,,,,,,,,,,,,,,,,,,,,,,
,,"템포 알리안테 R3
어댑티브 3D (140)",,,,,,,,,,,,,,,,,,,,,,,
,,"템포 알리안테 R3
어댑티브 3D (155)",,,,,,,,,,,,,,,,,,,,,,,
,,템포 아르고 R1 (150),,,,,,,,,,,,,,,,,,,,,,,
,,템포 아르고 R1 (160),,,,,,,,,,,,,,,,,,,,,,,
,,템포 아르고 R3 (150),,,,,,,,,,,,,,,,,,,,,,,
,,템포 아르고 R5 (150),,,,,,,,,,,,,,,,,,,,,,,
,,"트란시로 에어리스 SD R1
어댑티브 3D (135)",,,,,,,,,,,,,,,,,,,,,,,
,,"트란시로 에어리스 SD R3
어댑티브 3D (135)",,,,,,,,,,,,,,,,,,,,,,,
,,"트란시로 에어리스 LD R3
어댑티브 3D (135)",,,,,,,,,,,,,,,,,,,,,,,
,,"안타레스 버셔스 에보 R1
어댑티브 3D (139)",,,,,,,,,,,,,,,,,,,,,,,
,,"안타레서 버서스 에보 00
어댑티브 3D (139)",,,,,,,,,,,,,,,,,,,,,,,